<extensions>
  <details>
    <title lang="EN">ShairTunes2 Plugin</title>
  </details>
  <plugins>
    <plugin name="ShairTunes2" version="0.19b" minTarget="7.5" maxTarget="*">
      <title lang="EN">ShairTunes2</title>
      <desc lang="EN">Airtunes for LMS</desc>
      <url>
        https://raw.github.com/disaster123/shairport2_plugin/master/ShairTunes2.zip
      </url>
      <link>https://github.com/disaster123/shairport2_plugin</link>
      <sha>e77a0ecf0b0e3b728e79961906500cd392967859</sha>
      <creator>disaster123</creator>
      <email>disaster123@users.noreply.github.com</email>
    </plugin>
  </plugins>
</extensions>

