<extensions>
  <details>
    <title lang="EN">ShairTunes2 Plugin</title>
  </details>
  <plugins>
    <plugin name="ShairTunes2" version="0.19b" minTarget="7.5" maxTarget="*">
      <title lang="EN">ShairTunes2</title>
      <desc lang="EN">Airtunes for LMS</desc>
      <url>
        https://raw.github.com/luzzatolab/shairport2_plugin/master/ShairTunes2.zip
      </url>
      <link>https://github.com/luzzatolab/shairport2_plugin</link>
      <sha>7d09a9bf3364e469d470acaa164a1cad0eb4cf97</sha>
      <creator>disaster123</creator>
      <email>disaster123@users.noreply.github.com</email>
    </plugin>
  </plugins>
</extensions>

